HSDA,HA,FISCAL_YEAR,MED_SUPP_FLAG,SPECIALTY,PRACTITIONERS,SERVICES,PAYMENTS
11 - East Kootenay,1 - Interior,2009/2010,MED,00 - GENERAL PRACTICE,122,426127,18309301.97
11 - East Kootenay,1 - Interior,2009/2010,MED,02 - NEUROLOGY,1,112,16274.91
11 - East Kootenay,1 - Interior,2009/2010,MED,03 - PSYCHIATRY,3,5156,696492.08
11 - East Kootenay,1 - Interior,2009/2010,MED,05 - OBSTETRICS & GYNAECOLOGY,4,6582,807720.79
11 - East Kootenay,1 - Interior,2009/2010,MED,06 - OPHTHALMOLOGY,2,16643,1562727.29
11 - East Kootenay,1 - Interior,2009/2010,MED,07 - OTOLARYNGOLOGY,2,19684,1413103.65
11 - East Kootenay,1 - Interior,2009/2010,MED,08 - GENERAL SURGERY,6,17362,1915049.72
11 - East Kootenay,1 - Interior,2009/2010,MED,10 - ORTHOPAEDIC SURGERY,4,9909,1521017.25
11 - East Kootenay,1 - Interior,2009/2010,MED,13 - UROLOGY,1,4150,522577.79
11 - East Kootenay,1 - Interior,2009/2010,MED,14 - PAEDIATRICS,2,1513,219909.53
11 - East Kootenay,1 - Interior,2009/2010,MED,15 - INTERNAL MEDICINE,4,10632,724534.75
11 - East Kootenay,1 - Interior,2009/2010,MED,16 - RADIOLOGY,6,54422,3501134.5
11 - East Kootenay,1 - Interior,2009/2010,MED,17 - LABORATORY MEDICINE,2,643851,4299220.22
11 - East Kootenay,1 - Interior,2009/2010,MED,18 - ANAESTHESIA,5,26968,1221158.52
11 - East Kootenay,1 - Interior,2009/2010,MED,28 - EMERGENCY MEDICINE,1,10,1735.08
11 - East Kootenay,1 - Interior,2009/2010,MED,44 - RHEUMATOLOGY,1,909,117484.11
11 - East Kootenay,1 - Interior,2009/2010,MED,49 - RESPIROLOGY,1,3026,93336.51
11 - East Kootenay,1 - Interior,2009/2010,MED,56 - GASTROENTEROLOGY,1,4261,229395.76
11 - East Kootenay,1 - Interior,2009/2010,SUP,30 - CHIROPRACTORS,22,7494,172362
11 - East Kootenay,1 - Interior,2009/2010,SUP,31 - NATUROPATHS,4,13,299
11 - East Kootenay,1 - Interior,2009/2010,SUP,32 - PHYSICAL THERAPY,41,3006,69138
11 - East Kootenay,1 - Interior,2009/2010,SUP,39 - OPTOMETRIST,14,24809,1036289.11
11 - East Kootenay,1 - Interior,2009/2010,SUP,40 - DENTAL SURGEONS,9,188,10342.2
11 - East Kootenay,1 - Interior,2009/2010,SUP,43 - MASSAGE PRACTITIONER,30,1015,23345
11 - East Kootenay,1 - Interior,2009/2010,SUP,68 - ACUPUNCTURE,4,802,18446
11 - East Kootenay,1 - Interior,2009/2010,SUP,80 - Midwives,5,718,445782.29
12 - Kootenay/Boundary,1 - Interior,2009/2010,MED,00 - GENERAL PRACTICE,125,421582,18382415.78
12 - Kootenay/Boundary,1 - Interior,2009/2010,MED,02 - NEUROLOGY,1,3554,407716.34
12 - Kootenay/Boundary,1 - Interior,2009/2010,MED,03 - PSYCHIATRY,6,7132,1079815.4
12 - Kootenay/Boundary,1 - Interior,2009/2010,MED,05 - OBSTETRICS & GYNAECOLOGY,2,1380,178941.13
12 - Kootenay/Boundary,1 - Interior,2009/2010,MED,06 - OPHTHALMOLOGY,2,20390,1518401.07
12 - Kootenay/Boundary,1 - Interior,2009/2010,MED,07 - OTOLARYNGOLOGY,1,7017,466388.45
12 - Kootenay/Boundary,1 - Interior,2009/2010,MED,08 - GENERAL SURGERY,5,11228,1650686.91
12 - Kootenay/Boundary,1 - Interior,2009/2010,MED,10 - ORTHOPAEDIC SURGERY,5,9118,1501818.48
12 - Kootenay/Boundary,1 - Interior,2009/2010,MED,11 - PLASTIC SURGERY,1,3336,510109.57
12 - Kootenay/Boundary,1 - Interior,2009/2010,MED,13 - UROLOGY,1,4238,510232.16
12 - Kootenay/Boundary,1 - Interior,2009/2010,MED,14 - PAEDIATRICS,2,4636,763368.1
12 - Kootenay/Boundary,1 - Interior,2009/2010,MED,15 - INTERNAL MEDICINE,5,41616,1969592.3
12 - Kootenay/Boundary,1 - Interior,2009/2010,MED,16 - RADIOLOGY,7,45032,2918247.44
12 - Kootenay/Boundary,1 - Interior,2009/2010,MED,17 - LABORATORY MEDICINE,3,635097,4476043.05
12 - Kootenay/Boundary,1 - Interior,2009/2010,MED,18 - ANAESTHESIA,5,27068,1208900.8
12 - Kootenay/Boundary,1 - Interior,2009/2010,MED,28 - EMERGENCY MEDICINE,1,2287,186540.79
12 - Kootenay/Boundary,1 - Interior,2009/2010,MED,33 - NUCLEAR MEDICINE,1,12017,1197184.97
12 - Kootenay/Boundary,1 - Interior,2009/2010,MED,59 - NEPHROLOGY,2,10023,648869.61
12 - Kootenay/Boundary,1 - Interior,2009/2010,SUP,30 - CHIROPRACTORS,20,12019,276437
12 - Kootenay/Boundary,1 - Interior,2009/2010,SUP,31 - NATUROPATHS,3,522,12006
12 - Kootenay/Boundary,1 - Interior,2009/2010,SUP,32 - PHYSICAL THERAPY,42,3831,88113
12 - Kootenay/Boundary,1 - Interior,2009/2010,SUP,39 - OPTOMETRIST,12,18993,791112.9
12 - Kootenay/Boundary,1 - Interior,2009/2010,SUP,40 - DENTAL SURGEONS,3,438,24075.31
12 - Kootenay/Boundary,1 - Interior,2009/2010,SUP,42 - ORTHODONTISTS,1,33,22941.65
12 - Kootenay/Boundary,1 - Interior,2009/2010,SUP,43 - MASSAGE PRACTITIONER,40,4528,104144
12 - Kootenay/Boundary,1 - Interior,2009/2010,SUP,68 - ACUPUNCTURE,28,1157,26611
12 - Kootenay/Boundary,1 - Interior,2009/2010,SUP,80 - Midwives,6,814,485279.81
13 - Okanagan,1 - Interior,2009/2010,MED,00 - GENERAL PRACTICE,421,2264004,81987908.47
13 - Okanagan,1 - Interior,2009/2010,MED,01 - DERMATOLOGY,2,26607,819306.45
13 - Okanagan,1 - Interior,2009/2010,MED,02 - NEUROLOGY,7,19195,2334795.34
13 - Okanagan,1 - Interior,2009/2010,MED,03 - PSYCHIATRY,36,63522,7722217.34
13 - Okanagan,1 - Interior,2009/2010,MED,05 - OBSTETRICS & GYNAECOLOGY,23,52135,5567504.23
13 - Okanagan,1 - Interior,2009/2010,MED,06 - OPHTHALMOLOGY,12,106759,7612322.53
13 - Okanagan,1 - Interior,2009/2010,MED,07 - OTOLARYNGOLOGY,8,44813,2885389.11
13 - Okanagan,1 - Interior,2009/2010,MED,08 - GENERAL SURGERY,19,56071,6795129.9
13 - Okanagan,1 - Interior,2009/2010,MED,09 - NEUROSURGERY,3,6780,1874405.01
13 - Okanagan,1 - Interior,2009/2010,MED,10 - ORTHOPAEDIC SURGERY,18,40604,5881662.21
13 - Okanagan,1 - Interior,2009/2010,MED,11 - PLASTIC SURGERY,7,11311,1662230.04
13 - Okanagan,1 - Interior,2009/2010,MED,13 - UROLOGY,8,28851,2584198.73
13 - Okanagan,1 - Interior,2009/2010,MED,14 - PAEDIATRICS,15,18214,2854226.02
13 - Okanagan,1 - Interior,2009/2010,MED,15 - INTERNAL MEDICINE,13,73436,4418047.29
13 - Okanagan,1 - Interior,2009/2010,MED,16 - RADIOLOGY,20,230541,14500588.18
13 - Okanagan,1 - Interior,2009/2010,MED,17 - LABORATORY MEDICINE,16,3440281,24724498.75
13 - Okanagan,1 - Interior,2009/2010,MED,18 - ANAESTHESIA,45,309681,10265935.57
13 - Okanagan,1 - Interior,2009/2010,MED,20 - PHYSICAL MEDICINE AND REHABILITATION,5,9219,1014136.7
13 - Okanagan,1 - Interior,2009/2010,MED,26 - CARDIOLOGY,10,104589,6623137.95
13 - Okanagan,1 - Interior,2009/2010,MED,28 - EMERGENCY MEDICINE,11,32953,2443510.96
13 - Okanagan,1 - Interior,2009/2010,MED,29 - MEDICAL MICROBIOLOGY,1,912,30596.61
13 - Okanagan,1 - Interior,2009/2010,MED,33 - NUCLEAR MEDICINE,3,35893,3932918.74
13 - Okanagan,1 - Interior,2009/2010,MED,44 - RHEUMATOLOGY,5,13023,1320479.11
13 - Okanagan,1 - Interior,2009/2010,MED,45 - CLINICAL IMMUNOLOGY AND ALLERGY,2,15719,1112593.89
13 - Okanagan,1 - Interior,2009/2010,MED,47 - VASCULAR SURGERY,3,7582,1360747.67
13 - Okanagan,1 - Interior,2009/2010,MED,48 - THORACIC SURGERY,3,3477,463104.17
13 - Okanagan,1 - Interior,2009/2010,MED,49 - RESPIROLOGY,7,62384,2600735.19
13 - Okanagan,1 - Interior,2009/2010,MED,51 - ENDOCRINOLOGY,1,1143,202717.26
13 - Okanagan,1 - Interior,2009/2010,MED,56 - GASTROENTEROLOGY,7,21529,2849446.36
13 - Okanagan,1 - Interior,2009/2010,MED,59 - NEPHROLOGY,7,27937,1767328.61
13 - Okanagan,1 - Interior,2009/2010,MED,67 - INFECTIOUS DISEASES,1,3414,201136.75
13 - Okanagan,1 - Interior,2009/2010,MED,74 - HEMATOLOGY ONCOLOGY,1,1827,155878.38
13 - Okanagan,1 - Interior,2009/2010,SUP,30 - CHIROPRACTORS,97,44990,1034767
13 - Okanagan,1 - Interior,2009/2010,SUP,31 - NATUROPATHS,24,3626,83398
13 - Okanagan,1 - Interior,2009/2010,SUP,32 - PHYSICAL THERAPY,131,18859,433757
13 - Okanagan,1 - Interior,2009/2010,SUP,37 - ORAL SURGEONS,4,2288,495417.91
13 - Okanagan,1 - Interior,2009/2010,SUP,38 - PODIATRISTS,5,12309,398169.61
13 - Okanagan,1 - Interior,2009/2010,SUP,39 - OPTOMETRIST,46,80295,3344677.1
13 - Okanagan,1 - Interior,2009/2010,SUP,40 - DENTAL SURGEONS,5,737,42682.23
13 - Okanagan,1 - Interior,2009/2010,SUP,42 - ORTHODONTISTS,7,106,70821.61
13 - Okanagan,1 - Interior,2009/2010,SUP,43 - MASSAGE PRACTITIONER,173,11528,265144
13 - Okanagan,1 - Interior,2009/2010,SUP,68 - ACUPUNCTURE,19,1264,29072
13 - Okanagan,1 - Interior,2009/2010,SUP,80 - Midwives,10,1359,804253.46
14 - Thompson/Cariboo,1 - Interior,2009/2010,MED,00 - GENERAL PRACTICE,256,1205116,47789563.15
14 - Thompson/Cariboo,1 - Interior,2009/2010,MED,01 - DERMATOLOGY,1,7198,247155.52
14 - Thompson/Cariboo,1 - Interior,2009/2010,MED,02 - NEUROLOGY,4,13966,1495683.34
14 - Thompson/Cariboo,1 - Interior,2009/2010,MED,03 - PSYCHIATRY,15,28130,3246878.52
14 - Thompson/Cariboo,1 - Interior,2009/2010,MED,05 - OBSTETRICS & GYNAECOLOGY,9,20350,2615482.84
14 - Thompson/Cariboo,1 - Interior,2009/2010,MED,06 - OPHTHALMOLOGY,5,50322,3716894.38
14 - Thompson/Cariboo,1 - Interior,2009/2010,MED,07 - OTOLARYNGOLOGY,2,10378,761595.9
14 - Thompson/Cariboo,1 - Interior,2009/2010,MED,08 - GENERAL SURGERY,17,39577,5288228.37
14 - Thompson/Cariboo,1 - Interior,2009/2010,MED,09 - NEUROSURGERY,4,5535,1160718.71
14 - Thompson/Cariboo,1 - Interior,2009/2010,MED,10 - ORTHOPAEDIC SURGERY,9,17636,2550952.36
14 - Thompson/Cariboo,1 - Interior,2009/2010,MED,11 - PLASTIC SURGERY,4,11247,1209619.93
14 - Thompson/Cariboo,1 - Interior,2009/2010,MED,13 - UROLOGY,4,11553,1182825.81
14 - Thompson/Cariboo,1 - Interior,2009/2010,MED,14 - PAEDIATRICS,8,10727,1403682.58
14 - Thompson/Cariboo,1 - Interior,2009/2010,MED,15 - INTERNAL MEDICINE,10,58251,3383230.14
14 - Thompson/Cariboo,1 - Interior,2009/2010,MED,16 - RADIOLOGY,9,141984,8205808.92
14 - Thompson/Cariboo,1 - Interior,2009/2010,MED,17 - LABORATORY MEDICINE,7,1024022,7241122.3
14 - Thompson/Cariboo,1 - Interior,2009/2010,MED,18 - ANAESTHESIA,17,124241,3771770.8
14 - Thompson/Cariboo,1 - Interior,2009/2010,MED,20 - PHYSICAL MEDICINE AND REHABILITATION,2,3775,388415.32
14 - Thompson/Cariboo,1 - Interior,2009/2010,MED,26 - CARDIOLOGY,1,6852,342159.28
14 - Thompson/Cariboo,1 - Interior,2009/2010,MED,28 - EMERGENCY MEDICINE,3,825,69170.01
14 - Thompson/Cariboo,1 - Interior,2009/2010,MED,44 - RHEUMATOLOGY,3,9722,861286.56
14 - Thompson/Cariboo,1 - Interior,2009/2010,MED,47 - VASCULAR SURGERY,1,2627,498027.98
14 - Thompson/Cariboo,1 - Interior,2009/2010,MED,49 - RESPIROLOGY,1,15282,507524.2
14 - Thompson/Cariboo,1 - Interior,2009/2010,MED,56 - GASTROENTEROLOGY,2,9910,1250833.78
14 - Thompson/Cariboo,1 - Interior,2009/2010,MED,59 - NEPHROLOGY,2,14267,980406.75
14 - Thompson/Cariboo,1 - Interior,2009/2010,SUP,30 - CHIROPRACTORS,39,25241,580543
14 - Thompson/Cariboo,1 - Interior,2009/2010,SUP,31 - NATUROPATHS,8,416,9568
14 - Thompson/Cariboo,1 - Interior,2009/2010,SUP,32 - PHYSICAL THERAPY,36,4447,102281
14 - Thompson/Cariboo,1 - Interior,2009/2010,SUP,37 - ORAL SURGEONS,1,648,129626.74
14 - Thompson/Cariboo,1 - Interior,2009/2010,SUP,38 - PODIATRISTS,1,2234,59628.41
14 - Thompson/Cariboo,1 - Interior,2009/2010,SUP,39 - OPTOMETRIST,36,72026,3011671.45
14 - Thompson/Cariboo,1 - Interior,2009/2010,SUP,40 - DENTAL SURGEONS,16,2934,232371.64
14 - Thompson/Cariboo,1 - Interior,2009/2010,SUP,42 - ORTHODONTISTS,4,52,35545.87
14 - Thompson/Cariboo,1 - Interior,2009/2010,SUP,43 - MASSAGE PRACTITIONER,90,6780,155940
14 - Thompson/Cariboo,1 - Interior,2009/2010,SUP,68 - ACUPUNCTURE,6,487,11181
14 - Thompson/Cariboo,1 - Interior,2009/2010,SUP,80 - Midwives,3,301,181061.24
21 - Fraser East,2 - Fraser,2009/2010,MED,00 - GENERAL PRACTICE,260,1666829,58787743.5
21 - Fraser East,2 - Fraser,2009/2010,MED,02 - NEUROLOGY,2,5562,576331.56
21 - Fraser East,2 - Fraser,2009/2010,MED,03 - PSYCHIATRY,20,35232,3704293.37
21 - Fraser East,2 - Fraser,2009/2010,MED,05 - OBSTETRICS & GYNAECOLOGY,10,36597,3973773.15
21 - Fraser East,2 - Fraser,2009/2010,MED,06 - OPHTHALMOLOGY,7,96692,7171579.16
21 - Fraser East,2 - Fraser,2009/2010,MED,07 - OTOLARYNGOLOGY,4,29603,1879045.19
21 - Fraser East,2 - Fraser,2009/2010,MED,08 - GENERAL SURGERY,8,32615,3637579.72
21 - Fraser East,2 - Fraser,2009/2010,MED,10 - ORTHOPAEDIC SURGERY,9,20154,2550195.72
21 - Fraser East,2 - Fraser,2009/2010,MED,11 - PLASTIC SURGERY,3,9679,884839.53
21 - Fraser East,2 - Fraser,2009/2010,MED,13 - UROLOGY,5,22947,2041705.61
21 - Fraser East,2 - Fraser,2009/2010,MED,14 - PAEDIATRICS,9,20071,2925163.21
21 - Fraser East,2 - Fraser,2009/2010,MED,15 - INTERNAL MEDICINE,9,70554,3839312.81
21 - Fraser East,2 - Fraser,2009/2010,MED,16 - RADIOLOGY,18,176086,10481806.57
21 - Fraser East,2 - Fraser,2009/2010,MED,17 - LABORATORY MEDICINE,6,1718883,12650271.28
21 - Fraser East,2 - Fraser,2009/2010,MED,18 - ANAESTHESIA,16,157422,4484391.82
21 - Fraser East,2 - Fraser,2009/2010,MED,26 - CARDIOLOGY,1,1724,98511.78
21 - Fraser East,2 - Fraser,2009/2010,MED,33 - NUCLEAR MEDICINE,1,7123,1448640.64
21 - Fraser East,2 - Fraser,2009/2010,MED,47 - VASCULAR SURGERY,1,3500,495021.99
21 - Fraser East,2 - Fraser,2009/2010,MED,49 - RESPIROLOGY,2,27438,949988.81
21 - Fraser East,2 - Fraser,2009/2010,MED,51 - ENDOCRINOLOGY,1,2041,156718.39
21 - Fraser East,2 - Fraser,2009/2010,MED,56 - GASTROENTEROLOGY,2,13113,1420897.79
21 - Fraser East,2 - Fraser,2009/2010,MED,59 - NEPHROLOGY,2,18246,1206165.96
21 - Fraser East,2 - Fraser,2009/2010,SUP,30 - CHIROPRACTORS,50,25535,587305
21 - Fraser East,2 - Fraser,2009/2010,SUP,31 - NATUROPATHS,6,281,6463
21 - Fraser East,2 - Fraser,2009/2010,SUP,32 - PHYSICAL THERAPY,53,6729,154767
21 - Fraser East,2 - Fraser,2009/2010,SUP,37 - ORAL SURGEONS,1,4643,599253.42
21 - Fraser East,2 - Fraser,2009/2010,SUP,38 - PODIATRISTS,3,8345,378377.49
21 - Fraser East,2 - Fraser,2009/2010,SUP,39 - OPTOMETRIST,24,43853,1884850.34
21 - Fraser East,2 - Fraser,2009/2010,SUP,40 - DENTAL SURGEONS,4,330,20394.53
21 - Fraser East,2 - Fraser,2009/2010,SUP,42 - ORTHODONTISTS,7,50,29038.24
21 - Fraser East,2 - Fraser,2009/2010,SUP,43 - MASSAGE PRACTITIONER,60,5315,122245
21 - Fraser East,2 - Fraser,2009/2010,SUP,68 - ACUPUNCTURE,17,2931,67413
21 - Fraser East,2 - Fraser,2009/2010,SUP,80 - Midwives,7,1388,857139.83
22 - Fraser North,2 - Fraser,2009/2010,MED,00 - GENERAL PRACTICE,496,2935348,98572479.19
22 - Fraser North,2 - Fraser,2009/2010,MED,01 - DERMATOLOGY,5,66344,2359367.8
22 - Fraser North,2 - Fraser,2009/2010,MED,02 - NEUROLOGY,10,28357,2924211.63
22 - Fraser North,2 - Fraser,2009/2010,MED,03 - PSYCHIATRY,66,94944,10857268.04
22 - Fraser North,2 - Fraser,2009/2010,MED,05 - OBSTETRICS & GYNAECOLOGY,20,76392,7015572.3
22 - Fraser North,2 - Fraser,2009/2010,MED,06 - OPHTHALMOLOGY,25,294440,21069727.63
22 - Fraser North,2 - Fraser,2009/2010,MED,07 - OTOLARYNGOLOGY,6,41130,2599921.69
22 - Fraser North,2 - Fraser,2009/2010,MED,08 - GENERAL SURGERY,22,73449,8035586.52
22 - Fraser North,2 - Fraser,2009/2010,MED,09 - NEUROSURGERY,6,15364,3887646.56
22 - Fraser North,2 - Fraser,2009/2010,MED,10 - ORTHOPAEDIC SURGERY,26,49428,6719997.09
22 - Fraser North,2 - Fraser,2009/2010,MED,11 - PLASTIC SURGERY,8,16051,1903148.61
22 - Fraser North,2 - Fraser,2009/2010,MED,12 - CARDIAC SURGERY,3,6781,2168463.68
22 - Fraser North,2 - Fraser,2009/2010,MED,13 - UROLOGY,6,39179,3505200.82
22 - Fraser North,2 - Fraser,2009/2010,MED,14 - PAEDIATRICS,20,59433,5755117.16
22 - Fraser North,2 - Fraser,2009/2010,MED,15 - INTERNAL MEDICINE,20,74075,5151690.2
22 - Fraser North,2 - Fraser,2009/2010,MED,16 - RADIOLOGY,28,261923,16918604.84
22 - Fraser North,2 - Fraser,2009/2010,MED,17 - LABORATORY MEDICINE,26,9269224,75768238.85
22 - Fraser North,2 - Fraser,2009/2010,MED,18 - ANAESTHESIA,46,322690,12017549.48
22 - Fraser North,2 - Fraser,2009/2010,MED,19 - PAEDIATRIC CARDIOLOGY,1,3093,294283.8
22 - Fraser North,2 - Fraser,2009/2010,MED,20 - PHYSICAL MEDICINE AND REHABILITATION,4,5251,577704.24
22 - Fraser North,2 - Fraser,2009/2010,MED,24 - GERIATRIC MEDICINE,5,2729,446303.18
22 - Fraser North,2 - Fraser,2009/2010,MED,26 - CARDIOLOGY,15,184832,12106834.69
22 - Fraser North,2 - Fraser,2009/2010,MED,28 - EMERGENCY MEDICINE,8,17832,1188598.2
22 - Fraser North,2 - Fraser,2009/2010,MED,29 - MEDICAL MICROBIOLOGY,5,4303051,34144444.81
22 - Fraser North,2 - Fraser,2009/2010,MED,33 - NUCLEAR MEDICINE,3,507562,6844221.05
22 - Fraser North,2 - Fraser,2009/2010,MED,44 - RHEUMATOLOGY,7,19422,1831085.91
22 - Fraser North,2 - Fraser,2009/2010,MED,45 - CLINICAL IMMUNOLOGY AND ALLERGY,4,28982,1844662.37
22 - Fraser North,2 - Fraser,2009/2010,MED,47 - VASCULAR SURGERY,1,4619,603751.04
22 - Fraser North,2 - Fraser,2009/2010,MED,48 - THORACIC SURGERY,3,5804,1346527.04
22 - Fraser North,2 - Fraser,2009/2010,MED,49 - RESPIROLOGY,11,90566,4236986.5
22 - Fraser North,2 - Fraser,2009/2010,MED,51 - ENDOCRINOLOGY,8,20456,1856038.68
22 - Fraser North,2 - Fraser,2009/2010,MED,56 - GASTROENTEROLOGY,9,27098,3375373.29
22 - Fraser North,2 - Fraser,2009/2010,MED,59 - NEPHROLOGY,7,56094,3412507.6
22 - Fraser North,2 - Fraser,2009/2010,MED,67 - INFECTIOUS DISEASES,5,8927,840443.12
22 - Fraser North,2 - Fraser,2009/2010,MED,74 - HEMATOLOGY ONCOLOGY,4,18174,1283724.02
22 - Fraser North,2 - Fraser,2009/2010,SUP,30 - CHIROPRACTORS,110,27286,627527
22 - Fraser North,2 - Fraser,2009/2010,SUP,31 - NATUROPATHS,16,416,9550.58
22 - Fraser North,2 - Fraser,2009/2010,SUP,32 - PHYSICAL THERAPY,155,20904,480792
22 - Fraser North,2 - Fraser,2009/2010,SUP,37 - ORAL SURGEONS,4,905,146644.42
22 - Fraser North,2 - Fraser,2009/2010,SUP,38 - PODIATRISTS,10,13926,446746.74
22 - Fraser North,2 - Fraser,2009/2010,SUP,39 - OPTOMETRIST,64,107902,4638491.3
22 - Fraser North,2 - Fraser,2009/2010,SUP,40 - DENTAL SURGEONS,6,2364,190269.67
22 - Fraser North,2 - Fraser,2009/2010,SUP,42 - ORTHODONTISTS,9,158,91678.36
22 - Fraser North,2 - Fraser,2009/2010,SUP,43 - MASSAGE PRACTITIONER,205,7251,166773
22 - Fraser North,2 - Fraser,2009/2010,SUP,68 - ACUPUNCTURE,140,37394,860062
22 - Fraser North,2 - Fraser,2009/2010,SUP,80 - Midwives,11,1734,1070751.2
23 - Fraser South,2 - Fraser,2009/2010,MED,00 - GENERAL PRACTICE,550,3687933,124311841.3
23 - Fraser South,2 - Fraser,2009/2010,MED,01 - DERMATOLOGY,5,80978,2455019.96
23 - Fraser South,2 - Fraser,2009/2010,MED,02 - NEUROLOGY,3,11363,1250217.52
23 - Fraser South,2 - Fraser,2009/2010,MED,03 - PSYCHIATRY,43,87261,9486074.9
23 - Fraser South,2 - Fraser,2009/2010,MED,05 - OBSTETRICS & GYNAECOLOGY,18,99155,8520514.29
23 - Fraser South,2 - Fraser,2009/2010,MED,06 - OPHTHALMOLOGY,18,139727,10297711.29
23 - Fraser South,2 - Fraser,2009/2010,MED,07 - OTOLARYNGOLOGY,9,49132,2928364.83
23 - Fraser South,2 - Fraser,2009/2010,MED,08 - GENERAL SURGERY,24,72022,8315281.48
23 - Fraser South,2 - Fraser,2009/2010,MED,10 - ORTHOPAEDIC SURGERY,21,51211,5953135.76
23 - Fraser South,2 - Fraser,2009/2010,MED,11 - PLASTIC SURGERY,8,16608,2114371.47
23 - Fraser South,2 - Fraser,2009/2010,MED,13 - UROLOGY,8,48446,4200780.46
23 - Fraser South,2 - Fraser,2009/2010,MED,14 - PAEDIATRICS,21,54744,6465427.54
23 - Fraser South,2 - Fraser,2009/2010,MED,15 - INTERNAL MEDICINE,19,90108,5176088.37
23 - Fraser South,2 - Fraser,2009/2010,MED,16 - RADIOLOGY,23,320216,19520093.75
23 - Fraser South,2 - Fraser,2009/2010,MED,17 - LABORATORY MEDICINE,16,3623902,28370204.39
23 - Fraser South,2 - Fraser,2009/2010,MED,18 - ANAESTHESIA,39,262208,8848291.78
23 - Fraser South,2 - Fraser,2009/2010,MED,20 - PHYSICAL MEDICINE AND REHABILITATION,2,6166,640109.04
23 - Fraser South,2 - Fraser,2009/2010,MED,24 - GERIATRIC MEDICINE,4,8393,901192.53
23 - Fraser South,2 - Fraser,2009/2010,MED,26 - CARDIOLOGY,11,117118,6705739.52
23 - Fraser South,2 - Fraser,2009/2010,MED,28 - EMERGENCY MEDICINE,7,31971,1251924.93
23 - Fraser South,2 - Fraser,2009/2010,MED,29 - MEDICAL MICROBIOLOGY,1,179628,1401944.87
23 - Fraser South,2 - Fraser,2009/2010,MED,44 - RHEUMATOLOGY,1,4007,325975.32
23 - Fraser South,2 - Fraser,2009/2010,MED,45 - CLINICAL IMMUNOLOGY AND ALLERGY,2,5801,544924.52
23 - Fraser South,2 - Fraser,2009/2010,MED,47 - VASCULAR SURGERY,3,6259,864180.3
23 - Fraser South,2 - Fraser,2009/2010,MED,48 - THORACIC SURGERY,3,2098,298191.92
23 - Fraser South,2 - Fraser,2009/2010,MED,49 - RESPIROLOGY,8,80634,4641398.3
23 - Fraser South,2 - Fraser,2009/2010,MED,51 - ENDOCRINOLOGY,4,13042,919882.61
23 - Fraser South,2 - Fraser,2009/2010,MED,56 - GASTROENTEROLOGY,4,23194,2634755.35
23 - Fraser South,2 - Fraser,2009/2010,MED,59 - NEPHROLOGY,4,20589,1327602.74
23 - Fraser South,2 - Fraser,2009/2010,MED,67 - INFECTIOUS DISEASES,3,396518,3847173.07
23 - Fraser South,2 - Fraser,2009/2010,MED,74 - HEMATOLOGY ONCOLOGY,3,1354962,10976021.88
23 - Fraser South,2 - Fraser,2009/2010,SUP,30 - CHIROPRACTORS,113,37889,871447
23 - Fraser South,2 - Fraser,2009/2010,SUP,31 - NATUROPATHS,28,601,13823
23 - Fraser South,2 - Fraser,2009/2010,SUP,32 - PHYSICAL THERAPY,166,26265,604095
23 - Fraser South,2 - Fraser,2009/2010,SUP,37 - ORAL SURGEONS,6,3630,711216.8
23 - Fraser South,2 - Fraser,2009/2010,SUP,38 - PODIATRISTS,6,6101,191919.12
23 - Fraser South,2 - Fraser,2009/2010,SUP,39 - OPTOMETRIST,69,108613,4591660.84
23 - Fraser South,2 - Fraser,2009/2010,SUP,40 - DENTAL SURGEONS,12,296,41388.36
23 - Fraser South,2 - Fraser,2009/2010,SUP,41 - ORAL MEDICINE,1,514,51907.8
23 - Fraser South,2 - Fraser,2009/2010,SUP,42 - ORTHODONTISTS,10,131,87138.64
23 - Fraser South,2 - Fraser,2009/2010,SUP,43 - MASSAGE PRACTITIONER,150,5638,129674
23 - Fraser South,2 - Fraser,2009/2010,SUP,68 - ACUPUNCTURE,59,21141,486243
23 - Fraser South,2 - Fraser,2009/2010,SUP,80 - Midwives,18,3120,1869324.54
31 - Richmond,3 - Vancouver Coastal,2009/2010,MED,00 - GENERAL PRACTICE,150,934958,29302132.01
31 - Richmond,3 - Vancouver Coastal,2009/2010,MED,01 - DERMATOLOGY,3,23368,792699.59
31 - Richmond,3 - Vancouver Coastal,2009/2010,MED,02 - NEUROLOGY,2,5408,516067.42
31 - Richmond,3 - Vancouver Coastal,2009/2010,MED,03 - PSYCHIATRY,22,41909,4339117.8
31 - Richmond,3 - Vancouver Coastal,2009/2010,MED,05 - OBSTETRICS & GYNAECOLOGY,6,25409,2001017.48
31 - Richmond,3 - Vancouver Coastal,2009/2010,MED,06 - OPHTHALMOLOGY,3,38812,2424085.09
31 - Richmond,3 - Vancouver Coastal,2009/2010,MED,07 - OTOLARYNGOLOGY,3,19012,1281551.57
31 - Richmond,3 - Vancouver Coastal,2009/2010,MED,08 - GENERAL SURGERY,5,10918,1274948.44
31 - Richmond,3 - Vancouver Coastal,2009/2010,MED,10 - ORTHOPAEDIC SURGERY,7,19720,2596608.37
31 - Richmond,3 - Vancouver Coastal,2009/2010,MED,11 - PLASTIC SURGERY,4,6161,779600.37
31 - Richmond,3 - Vancouver Coastal,2009/2010,MED,13 - UROLOGY,5,18068,1712043.85
31 - Richmond,3 - Vancouver Coastal,2009/2010,MED,14 - PAEDIATRICS,6,11302,1483629.13
31 - Richmond,3 - Vancouver Coastal,2009/2010,MED,15 - INTERNAL MEDICINE,11,50339,3473442.55
31 - Richmond,3 - Vancouver Coastal,2009/2010,MED,16 - RADIOLOGY,15,202956,13628024.8
31 - Richmond,3 - Vancouver Coastal,2009/2010,MED,17 - LABORATORY MEDICINE,1,18329,103529.46
31 - Richmond,3 - Vancouver Coastal,2009/2010,MED,18 - ANAESTHESIA,11,101442,2814126.34
31 - Richmond,3 - Vancouver Coastal,2009/2010,MED,24 - GERIATRIC MEDICINE,1,294,41289.68
31 - Richmond,3 - Vancouver Coastal,2009/2010,MED,26 - CARDIOLOGY,4,34300,2128862.31
31 - Richmond,3 - Vancouver Coastal,2009/2010,MED,44 - RHEUMATOLOGY,2,4317,391185.34
31 - Richmond,3 - Vancouver Coastal,2009/2010,MED,45 - CLINICAL IMMUNOLOGY AND ALLERGY,2,17510,966880.69
31 - Richmond,3 - Vancouver Coastal,2009/2010,MED,47 - VASCULAR SURGERY,2,4652,610160.98
31 - Richmond,3 - Vancouver Coastal,2009/2010,MED,49 - RESPIROLOGY,2,16398,861484.04
31 - Richmond,3 - Vancouver Coastal,2009/2010,MED,56 - GASTROENTEROLOGY,2,11689,1576440.01
31 - Richmond,3 - Vancouver Coastal,2009/2010,MED,67 - INFECTIOUS DISEASES,1,4480,279229.39
31 - Richmond,3 - Vancouver Coastal,2009/2010,MED,74 - HEMATOLOGY ONCOLOGY,1,9783,696412.36
31 - Richmond,3 - Vancouver Coastal,2009/2010,SUP,30 - CHIROPRACTORS,23,11976,275448
31 - Richmond,3 - Vancouver Coastal,2009/2010,SUP,31 - NATUROPATHS,6,60,1380
31 - Richmond,3 - Vancouver Coastal,2009/2010,SUP,32 - PHYSICAL THERAPY,41,8343,191889
31 - Richmond,3 - Vancouver Coastal,2009/2010,SUP,37 - ORAL SURGEONS,1,335,39312.69
31 - Richmond,3 - Vancouver Coastal,2009/2010,SUP,38 - PODIATRISTS,4,4785,116831.44
31 - Richmond,3 - Vancouver Coastal,2009/2010,SUP,39 - OPTOMETRIST,31,49128,2092856.45
31 - Richmond,3 - Vancouver Coastal,2009/2010,SUP,40 - DENTAL SURGEONS,1,84,32303.04
31 - Richmond,3 - Vancouver Coastal,2009/2010,SUP,42 - ORTHODONTISTS,3,70,52998.98
31 - Richmond,3 - Vancouver Coastal,2009/2010,SUP,43 - MASSAGE PRACTITIONER,48,2069,47587
31 - Richmond,3 - Vancouver Coastal,2009/2010,SUP,68 - ACUPUNCTURE,98,59108,1359484
31 - Richmond,3 - Vancouver Coastal,2009/2010,SUP,80 - Midwives,1,122,81682.82
32 - Vancouver,3 - Vancouver Coastal,2009/2010,MED,00 - GENERAL PRACTICE,875,3950732,129592260.3
32 - Vancouver,3 - Vancouver Coastal,2009/2010,MED,01 - DERMATOLOGY,30,217127,7951961.22
32 - Vancouver,3 - Vancouver Coastal,2009/2010,MED,02 - NEUROLOGY,57,82281,9420556.67
32 - Vancouver,3 - Vancouver Coastal,2009/2010,MED,03 - PSYCHIATRY,293,340692,41761636.27
32 - Vancouver,3 - Vancouver Coastal,2009/2010,MED,05 - OBSTETRICS & GYNAECOLOGY,84,226135,20421315.08
32 - Vancouver,3 - Vancouver Coastal,2009/2010,MED,06 - OPHTHALMOLOGY,58,462639,33382719.86
32 - Vancouver,3 - Vancouver Coastal,2009/2010,MED,07 - OTOLARYNGOLOGY,31,146475,9247117.8
32 - Vancouver,3 - Vancouver Coastal,2009/2010,MED,08 - GENERAL SURGERY,52,133874,13466824.99
32 - Vancouver,3 - Vancouver Coastal,2009/2010,MED,09 - NEUROSURGERY,14,13187,3774598.83
32 - Vancouver,3 - Vancouver Coastal,2009/2010,MED,10 - ORTHOPAEDIC SURGERY,53,64423,10772891.57
32 - Vancouver,3 - Vancouver Coastal,2009/2010,MED,11 - PLASTIC SURGERY,24,22721,2688167.83
32 - Vancouver,3 - Vancouver Coastal,2009/2010,MED,12 - CARDIAC SURGERY,21,25107,5906151.1
32 - Vancouver,3 - Vancouver Coastal,2009/2010,MED,13 - UROLOGY,22,82303,7353898.55
32 - Vancouver,3 - Vancouver Coastal,2009/2010,MED,14 - PAEDIATRICS,102,125409,13089784.63
32 - Vancouver,3 - Vancouver Coastal,2009/2010,MED,15 - INTERNAL MEDICINE,89,149194,10856277.47
32 - Vancouver,3 - Vancouver Coastal,2009/2010,MED,16 - RADIOLOGY,86,617181,41114354.05
32 - Vancouver,3 - Vancouver Coastal,2009/2010,MED,17 - LABORATORY MEDICINE,10,1882886,18914485.53
32 - Vancouver,3 - Vancouver Coastal,2009/2010,MED,18 - ANAESTHESIA,155,912193,37151428.39
32 - Vancouver,3 - Vancouver Coastal,2009/2010,MED,19 - PAEDIATRIC CARDIOLOGY,4,17191,1295645.12
32 - Vancouver,3 - Vancouver Coastal,2009/2010,MED,20 - PHYSICAL MEDICINE AND REHABILITATION,30,31364,3646337.44
32 - Vancouver,3 - Vancouver Coastal,2009/2010,MED,24 - GERIATRIC MEDICINE,15,17161,1592311.17
32 - Vancouver,3 - Vancouver Coastal,2009/2010,MED,26 - CARDIOLOGY,46,349296,23094792.06
32 - Vancouver,3 - Vancouver Coastal,2009/2010,MED,28 - EMERGENCY MEDICINE,14,23358,1115331.17
32 - Vancouver,3 - Vancouver Coastal,2009/2010,MED,29 - MEDICAL MICROBIOLOGY,5,1898224,18833563.94
32 - Vancouver,3 - Vancouver Coastal,2009/2010,MED,33 - NUCLEAR MEDICINE,9,65373,9709165.23
32 - Vancouver,3 - Vancouver Coastal,2009/2010,MED,44 - RHEUMATOLOGY,26,63933,5440995.14
32 - Vancouver,3 - Vancouver Coastal,2009/2010,MED,45 - CLINICAL IMMUNOLOGY AND ALLERGY,11,60067,2969542.35
32 - Vancouver,3 - Vancouver Coastal,2009/2010,MED,47 - VASCULAR SURGERY,9,24898,3480222.16
32 - Vancouver,3 - Vancouver Coastal,2009/2010,MED,48 - THORACIC SURGERY,3,6958,589990.55
32 - Vancouver,3 - Vancouver Coastal,2009/2010,MED,49 - RESPIROLOGY,29,143391,6129286.96
32 - Vancouver,3 - Vancouver Coastal,2009/2010,MED,51 - ENDOCRINOLOGY,24,60065,5964386.07
32 - Vancouver,3 - Vancouver Coastal,2009/2010,MED,56 - GASTROENTEROLOGY,25,95464,11669204.32
32 - Vancouver,3 - Vancouver Coastal,2009/2010,MED,59 - NEPHROLOGY,34,153731,9152592.96
32 - Vancouver,3 - Vancouver Coastal,2009/2010,MED,67 - INFECTIOUS DISEASES,25,30058,1814257.36
32 - Vancouver,3 - Vancouver Coastal,2009/2010,MED,74 - HEMATOLOGY ONCOLOGY,20,29181,2329061.46
32 - Vancouver,3 - Vancouver Coastal,2009/2010,SUP,30 - CHIROPRACTORS,140,48459,1114554
32 - Vancouver,3 - Vancouver Coastal,2009/2010,SUP,31 - NATUROPATHS,42,792,18216
32 - Vancouver,3 - Vancouver Coastal,2009/2010,SUP,32 - PHYSICAL THERAPY,248,35029,805654
32 - Vancouver,3 - Vancouver Coastal,2009/2010,SUP,37 - ORAL SURGEONS,10,6363,1372733.15
32 - Vancouver,3 - Vancouver Coastal,2009/2010,SUP,38 - PODIATRISTS,26,34702,1087392.01
32 - Vancouver,3 - Vancouver Coastal,2009/2010,SUP,39 - OPTOMETRIST,80,101306,4327799.12
32 - Vancouver,3 - Vancouver Coastal,2009/2010,SUP,40 - DENTAL SURGEONS,18,2204,268472.35
32 - Vancouver,3 - Vancouver Coastal,2009/2010,SUP,41 - ORAL MEDICINE,6,1331,196055.85
32 - Vancouver,3 - Vancouver Coastal,2009/2010,SUP,42 - ORTHODONTISTS,12,219,184229.26
32 - Vancouver,3 - Vancouver Coastal,2009/2010,SUP,43 - MASSAGE PRACTITIONER,292,10551,242673
32 - Vancouver,3 - Vancouver Coastal,2009/2010,SUP,68 - ACUPUNCTURE,204,55542,1277466
32 - Vancouver,3 - Vancouver Coastal,2009/2010,SUP,80 - Midwives,51,8892,5275459.84
33 - North Shore/Coast Garibaldi,3 - Vancouver Coastal,2009/2010,MED,00 - GENERAL PRACTICE,358,1622722,57105449.85
33 - North Shore/Coast Garibaldi,3 - Vancouver Coastal,2009/2010,MED,01 - DERMATOLOGY,6,41640,1588258.04
33 - North Shore/Coast Garibaldi,3 - Vancouver Coastal,2009/2010,MED,02 - NEUROLOGY,6,10996,1209194.48
33 - North Shore/Coast Garibaldi,3 - Vancouver Coastal,2009/2010,MED,03 - PSYCHIATRY,31,48613,6347517.77
33 - North Shore/Coast Garibaldi,3 - Vancouver Coastal,2009/2010,MED,05 - OBSTETRICS & GYNAECOLOGY,10,25433,2348899.81
33 - North Shore/Coast Garibaldi,3 - Vancouver Coastal,2009/2010,MED,06 - OPHTHALMOLOGY,10,93842,6150261.26
33 - North Shore/Coast Garibaldi,3 - Vancouver Coastal,2009/2010,MED,07 - OTOLARYNGOLOGY,5,21652,1352648.32
33 - North Shore/Coast Garibaldi,3 - Vancouver Coastal,2009/2010,MED,08 - GENERAL SURGERY,12,32267,3966035.88
33 - North Shore/Coast Garibaldi,3 - Vancouver Coastal,2009/2010,MED,09 - NEUROSURGERY,5,8481,1953228.79
33 - North Shore/Coast Garibaldi,3 - Vancouver Coastal,2009/2010,MED,10 - ORTHOPAEDIC SURGERY,12,20065,3013154.7
33 - North Shore/Coast Garibaldi,3 - Vancouver Coastal,2009/2010,MED,11 - PLASTIC SURGERY,4,12184,1333931.96
33 - North Shore/Coast Garibaldi,3 - Vancouver Coastal,2009/2010,MED,13 - UROLOGY,5,25467,2171977.25
33 - North Shore/Coast Garibaldi,3 - Vancouver Coastal,2009/2010,MED,14 - PAEDIATRICS,6,12333,1680548.93
33 - North Shore/Coast Garibaldi,3 - Vancouver Coastal,2009/2010,MED,15 - INTERNAL MEDICINE,15,55270,4262711.42
33 - North Shore/Coast Garibaldi,3 - Vancouver Coastal,2009/2010,MED,16 - RADIOLOGY,17,227497,13451158.31
33 - North Shore/Coast Garibaldi,3 - Vancouver Coastal,2009/2010,MED,17 - LABORATORY MEDICINE,4,590173,3624533.6
33 - North Shore/Coast Garibaldi,3 - Vancouver Coastal,2009/2010,MED,18 - ANAESTHESIA,29,183842,7146023.77
33 - North Shore/Coast Garibaldi,3 - Vancouver Coastal,2009/2010,MED,20 - PHYSICAL MEDICINE AND REHABILITATION,2,3649,386292.97
33 - North Shore/Coast Garibaldi,3 - Vancouver Coastal,2009/2010,MED,24 - GERIATRIC MEDICINE,3,1826,280087.63
33 - North Shore/Coast Garibaldi,3 - Vancouver Coastal,2009/2010,MED,26 - CARDIOLOGY,2,19077,948489.19
33 - North Shore/Coast Garibaldi,3 - Vancouver Coastal,2009/2010,MED,28 - EMERGENCY MEDICINE,4,6178,234747.31
33 - North Shore/Coast Garibaldi,3 - Vancouver Coastal,2009/2010,MED,33 - NUCLEAR MEDICINE,1,10717,1260816.62
33 - North Shore/Coast Garibaldi,3 - Vancouver Coastal,2009/2010,MED,44 - RHEUMATOLOGY,2,2952,271792.16
33 - North Shore/Coast Garibaldi,3 - Vancouver Coastal,2009/2010,MED,45 - CLINICAL IMMUNOLOGY AND ALLERGY,1,4388,348657.62
33 - North Shore/Coast Garibaldi,3 - Vancouver Coastal,2009/2010,MED,47 - VASCULAR SURGERY,1,3430,477518.24
33 - North Shore/Coast Garibaldi,3 - Vancouver Coastal,2009/2010,MED,49 - RESPIROLOGY,1,24845,824930.48
33 - North Shore/Coast Garibaldi,3 - Vancouver Coastal,2009/2010,MED,51 - ENDOCRINOLOGY,3,15056,1003824.98
33 - North Shore/Coast Garibaldi,3 - Vancouver Coastal,2009/2010,MED,56 - GASTROENTEROLOGY,5,20279,2273858.74
33 - North Shore/Coast Garibaldi,3 - Vancouver Coastal,2009/2010,MED,74 - HEMATOLOGY ONCOLOGY,2,14791,1122198.14
33 - North Shore/Coast Garibaldi,3 - Vancouver Coastal,2009/2010,SUP,30 - CHIROPRACTORS,60,12489,287247
33 - North Shore/Coast Garibaldi,3 - Vancouver Coastal,2009/2010,SUP,31 - NATUROPATHS,20,480,11040
33 - North Shore/Coast Garibaldi,3 - Vancouver Coastal,2009/2010,SUP,32 - PHYSICAL THERAPY,145,11371,261533
33 - North Shore/Coast Garibaldi,3 - Vancouver Coastal,2009/2010,SUP,37 - ORAL SURGEONS,1,218,53432.27
33 - North Shore/Coast Garibaldi,3 - Vancouver Coastal,2009/2010,SUP,38 - PODIATRISTS,7,16780,574873.75
33 - North Shore/Coast Garibaldi,3 - Vancouver Coastal,2009/2010,SUP,39 - OPTOMETRIST,37,45528,1894003.18
33 - North Shore/Coast Garibaldi,3 - Vancouver Coastal,2009/2010,SUP,40 - DENTAL SURGEONS,5,1352,89261.37
33 - North Shore/Coast Garibaldi,3 - Vancouver Coastal,2009/2010,SUP,42 - ORTHODONTISTS,4,352,245071.84
33 - North Shore/Coast Garibaldi,3 - Vancouver Coastal,2009/2010,SUP,43 - MASSAGE PRACTITIONER,144,4988,114724
33 - North Shore/Coast Garibaldi,3 - Vancouver Coastal,2009/2010,SUP,68 - ACUPUNCTURE,38,3664,84272
33 - North Shore/Coast Garibaldi,3 - Vancouver Coastal,2009/2010,SUP,80 - Midwives,8,1471,902873.56
41 - South Vancouver Island,4 - Vancouver Island,2009/2010,MED,00 - GENERAL PRACTICE,572,3886633,91435701.47
41 - South Vancouver Island,4 - Vancouver Island,2009/2010,MED,01 - DERMATOLOGY,6,60071,2025597.07
41 - South Vancouver Island,4 - Vancouver Island,2009/2010,MED,02 - NEUROLOGY,12,27843,3369700.69
41 - South Vancouver Island,4 - Vancouver Island,2009/2010,MED,03 - PSYCHIATRY,83,114678,13462083.46
41 - South Vancouver Island,4 - Vancouver Island,2009/2010,MED,05 - OBSTETRICS & GYNAECOLOGY,19,47578,5183860.67
41 - South Vancouver Island,4 - Vancouver Island,2009/2010,MED,06 - OPHTHALMOLOGY,26,186122,12526161.05
41 - South Vancouver Island,4 - Vancouver Island,2009/2010,MED,07 - OTOLARYNGOLOGY,8,45283,3048083.25
41 - South Vancouver Island,4 - Vancouver Island,2009/2010,MED,08 - GENERAL SURGERY,16,42169,5192768.84
41 - South Vancouver Island,4 - Vancouver Island,2009/2010,MED,09 - NEUROSURGERY,7,11458,2206624.32
41 - South Vancouver Island,4 - Vancouver Island,2009/2010,MED,10 - ORTHOPAEDIC SURGERY,18,39912,5421023.24
41 - South Vancouver Island,4 - Vancouver Island,2009/2010,MED,11 - PLASTIC SURGERY,8,13483,1900798.17
41 - South Vancouver Island,4 - Vancouver Island,2009/2010,MED,12 - CARDIAC SURGERY,4,3556,1332329.68
41 - South Vancouver Island,4 - Vancouver Island,2009/2010,MED,13 - UROLOGY,9,33718,3184865.71
41 - South Vancouver Island,4 - Vancouver Island,2009/2010,MED,14 - PAEDIATRICS,21,28652,2832717.53
41 - South Vancouver Island,4 - Vancouver Island,2009/2010,MED,15 - INTERNAL MEDICINE,12,41701,2157391.35
41 - South Vancouver Island,4 - Vancouver Island,2009/2010,MED,16 - RADIOLOGY,27,292231,17855501.36
41 - South Vancouver Island,4 - Vancouver Island,2009/2010,MED,17 - LABORATORY MEDICINE,10,3297300,25523177.79
41 - South Vancouver Island,4 - Vancouver Island,2009/2010,MED,18 - ANAESTHESIA,53,337598,13807096.86
41 - South Vancouver Island,4 - Vancouver Island,2009/2010,MED,19 - PAEDIATRIC CARDIOLOGY,1,5129,518185.61
41 - South Vancouver Island,4 - Vancouver Island,2009/2010,MED,20 - PHYSICAL MEDICINE AND REHABILITATION,11,18340,2167292.71
41 - South Vancouver Island,4 - Vancouver Island,2009/2010,MED,24 - GERIATRIC MEDICINE,1,72,22306.99
41 - South Vancouver Island,4 - Vancouver Island,2009/2010,MED,26 - CARDIOLOGY,19,177240,12037410.3
41 - South Vancouver Island,4 - Vancouver Island,2009/2010,MED,28 - EMERGENCY MEDICINE,8,8612,272003.5
41 - South Vancouver Island,4 - Vancouver Island,2009/2010,MED,29 - MEDICAL MICROBIOLOGY,1,135329,1997602.47
41 - South Vancouver Island,4 - Vancouver Island,2009/2010,MED,33 - NUCLEAR MEDICINE,4,39022,3397360.02
41 - South Vancouver Island,4 - Vancouver Island,2009/2010,MED,44 - RHEUMATOLOGY,6,13689,1196044.46
41 - South Vancouver Island,4 - Vancouver Island,2009/2010,MED,45 - CLINICAL IMMUNOLOGY AND ALLERGY,3,22451,1144575.81
41 - South Vancouver Island,4 - Vancouver Island,2009/2010,MED,47 - VASCULAR SURGERY,4,9796,1714709.76
41 - South Vancouver Island,4 - Vancouver Island,2009/2010,MED,48 - THORACIC SURGERY,4,3445,1159215.81
41 - South Vancouver Island,4 - Vancouver Island,2009/2010,MED,49 - RESPIROLOGY,10,58714,3002906.2
41 - South Vancouver Island,4 - Vancouver Island,2009/2010,MED,51 - ENDOCRINOLOGY,10,24863,2049762.84
41 - South Vancouver Island,4 - Vancouver Island,2009/2010,MED,56 - GASTROENTEROLOGY,12,42289,4478133.38
41 - South Vancouver Island,4 - Vancouver Island,2009/2010,MED,59 - NEPHROLOGY,7,52109,2972824.81
41 - South Vancouver Island,4 - Vancouver Island,2009/2010,MED,67 - INFECTIOUS DISEASES,2,5060,422808.64
41 - South Vancouver Island,4 - Vancouver Island,2009/2010,MED,74 - HEMATOLOGY ONCOLOGY,4,11143,799039.78
41 - South Vancouver Island,4 - Vancouver Island,2009/2010,SUP,30 - CHIROPRACTORS,130,46188,1182081.13
41 - South Vancouver Island,4 - Vancouver Island,2009/2010,SUP,31 - NATUROPATHS,32,1207,27761
41 - South Vancouver Island,4 - Vancouver Island,2009/2010,SUP,32 - PHYSICAL THERAPY,141,14380,330740
41 - South Vancouver Island,4 - Vancouver Island,2009/2010,SUP,37 - ORAL SURGEONS,4,3094,505788.3
41 - South Vancouver Island,4 - Vancouver Island,2009/2010,SUP,38 - PODIATRISTS,12,12035,405330.25
41 - South Vancouver Island,4 - Vancouver Island,2009/2010,SUP,39 - OPTOMETRIST,54,66847,2795387.15
41 - South Vancouver Island,4 - Vancouver Island,2009/2010,SUP,40 - DENTAL SURGEONS,10,1698,186749.03
41 - South Vancouver Island,4 - Vancouver Island,2009/2010,SUP,42 - ORTHODONTISTS,7,105,63329.01
41 - South Vancouver Island,4 - Vancouver Island,2009/2010,SUP,43 - MASSAGE PRACTITIONER,240,6745,155135
41 - South Vancouver Island,4 - Vancouver Island,2009/2010,SUP,68 - ACUPUNCTURE,89,2392,55016
41 - South Vancouver Island,4 - Vancouver Island,2009/2010,SUP,80 - Midwives,17,3262,1951210.46
42 - Central Vancouver Island,4 - Vancouver Island,2009/2010,MED,00 - GENERAL PRACTICE,314,1536548,55500580.08
42 - Central Vancouver Island,4 - Vancouver Island,2009/2010,MED,01 - DERMATOLOGY,3,16145,527207.59
42 - Central Vancouver Island,4 - Vancouver Island,2009/2010,MED,02 - NEUROLOGY,4,5276,621619.54
42 - Central Vancouver Island,4 - Vancouver Island,2009/2010,MED,03 - PSYCHIATRY,27,28747,3711139.4
42 - Central Vancouver Island,4 - Vancouver Island,2009/2010,MED,05 - OBSTETRICS & GYNAECOLOGY,13,34951,3665235.9
42 - Central Vancouver Island,4 - Vancouver Island,2009/2010,MED,06 - OPHTHALMOLOGY,13,103291,6921210.8
42 - Central Vancouver Island,4 - Vancouver Island,2009/2010,MED,07 - OTOLARYNGOLOGY,3,15757,958385.23
42 - Central Vancouver Island,4 - Vancouver Island,2009/2010,MED,08 - GENERAL SURGERY,13,44957,5286561.69
42 - Central Vancouver Island,4 - Vancouver Island,2009/2010,MED,10 - ORTHOPAEDIC SURGERY,11,27265,3804993.12
42 - Central Vancouver Island,4 - Vancouver Island,2009/2010,MED,11 - PLASTIC SURGERY,4,8619,1086782.36
42 - Central Vancouver Island,4 - Vancouver Island,2009/2010,MED,13 - UROLOGY,5,22740,2395019.48
42 - Central Vancouver Island,4 - Vancouver Island,2009/2010,MED,14 - PAEDIATRICS,12,15680,2266617
42 - Central Vancouver Island,4 - Vancouver Island,2009/2010,MED,15 - INTERNAL MEDICINE,17,88976,5731880.23
42 - Central Vancouver Island,4 - Vancouver Island,2009/2010,MED,16 - RADIOLOGY,20,216256,13277986.69
42 - Central Vancouver Island,4 - Vancouver Island,2009/2010,MED,17 - LABORATORY MEDICINE,5,523357,3589732.99
42 - Central Vancouver Island,4 - Vancouver Island,2009/2010,MED,18 - ANAESTHESIA,20,170510,5196684.96
42 - Central Vancouver Island,4 - Vancouver Island,2009/2010,MED,20 - PHYSICAL MEDICINE AND REHABILITATION,1,2887,266939.49
42 - Central Vancouver Island,4 - Vancouver Island,2009/2010,MED,24 - GERIATRIC MEDICINE,1,2628,246609.3
42 - Central Vancouver Island,4 - Vancouver Island,2009/2010,MED,28 - EMERGENCY MEDICINE,2,5075,123402.7
42 - Central Vancouver Island,4 - Vancouver Island,2009/2010,MED,33 - NUCLEAR MEDICINE,1,14963,1375956.69
42 - Central Vancouver Island,4 - Vancouver Island,2009/2010,MED,44 - RHEUMATOLOGY,1,3539,344837.98
42 - Central Vancouver Island,4 - Vancouver Island,2009/2010,MED,46 - MEDICAL GENETICS,1,1449,147004.02
42 - Central Vancouver Island,4 - Vancouver Island,2009/2010,MED,49 - RESPIROLOGY,3,24803,882687.44
42 - Central Vancouver Island,4 - Vancouver Island,2009/2010,MED,56 - GASTROENTEROLOGY,1,4589,343964.36
42 - Central Vancouver Island,4 - Vancouver Island,2009/2010,MED,59 - NEPHROLOGY,3,13394,834012.5
42 - Central Vancouver Island,4 - Vancouver Island,2009/2010,MED,67 - INFECTIOUS DISEASES,2,3565,431954.19
42 - Central Vancouver Island,4 - Vancouver Island,2009/2010,MED,74 - HEMATOLOGY ONCOLOGY,1,4743,333260.85
42 - Central Vancouver Island,4 - Vancouver Island,2009/2010,SUP,30 - CHIROPRACTORS,58,33896,831377.03
42 - Central Vancouver Island,4 - Vancouver Island,2009/2010,SUP,31 - NATUROPATHS,14,550,12650
42 - Central Vancouver Island,4 - Vancouver Island,2009/2010,SUP,32 - PHYSICAL THERAPY,82,10229,235258
42 - Central Vancouver Island,4 - Vancouver Island,2009/2010,SUP,37 - ORAL SURGEONS,3,3922,713375.68
42 - Central Vancouver Island,4 - Vancouver Island,2009/2010,SUP,38 - PODIATRISTS,3,4277,118064.74
42 - Central Vancouver Island,4 - Vancouver Island,2009/2010,SUP,39 - OPTOMETRIST,26,37362,1578258.83
42 - Central Vancouver Island,4 - Vancouver Island,2009/2010,SUP,40 - DENTAL SURGEONS,16,1813,127233.51
42 - Central Vancouver Island,4 - Vancouver Island,2009/2010,SUP,42 - ORTHODONTISTS,7,74,56708.85
42 - Central Vancouver Island,4 - Vancouver Island,2009/2010,SUP,43 - MASSAGE PRACTITIONER,87,3942,90666
42 - Central Vancouver Island,4 - Vancouver Island,2009/2010,SUP,68 - ACUPUNCTURE,18,1274,29302
42 - Central Vancouver Island,4 - Vancouver Island,2009/2010,SUP,80 - Midwives,12,2427,1485806.28
43 - North Vancouver Island,4 - Vancouver Island,2009/2010,MED,00 - GENERAL PRACTICE,187,750775,29393089.43
43 - North Vancouver Island,4 - Vancouver Island,2009/2010,MED,01 - DERMATOLOGY,1,14613,404268.52
43 - North Vancouver Island,4 - Vancouver Island,2009/2010,MED,03 - PSYCHIATRY,11,10063,1558072.28
43 - North Vancouver Island,4 - Vancouver Island,2009/2010,MED,05 - OBSTETRICS & GYNAECOLOGY,5,12784,1354354.25
43 - North Vancouver Island,4 - Vancouver Island,2009/2010,MED,06 - OPHTHALMOLOGY,6,46506,3737755.31
43 - North Vancouver Island,4 - Vancouver Island,2009/2010,MED,07 - OTOLARYNGOLOGY,2,12685,860112.82
43 - North Vancouver Island,4 - Vancouver Island,2009/2010,MED,08 - GENERAL SURGERY,8,22285,2802482.57
43 - North Vancouver Island,4 - Vancouver Island,2009/2010,MED,10 - ORTHOPAEDIC SURGERY,7,15575,2247273.35
43 - North Vancouver Island,4 - Vancouver Island,2009/2010,MED,11 - PLASTIC SURGERY,3,5849,679265.87
43 - North Vancouver Island,4 - Vancouver Island,2009/2010,MED,13 - UROLOGY,4,11893,1154418.86
43 - North Vancouver Island,4 - Vancouver Island,2009/2010,MED,14 - PAEDIATRICS,4,10596,777006.87
43 - North Vancouver Island,4 - Vancouver Island,2009/2010,MED,15 - INTERNAL MEDICINE,10,53017,3105621.43
43 - North Vancouver Island,4 - Vancouver Island,2009/2010,MED,16 - RADIOLOGY,8,95920,5740988.6
43 - North Vancouver Island,4 - Vancouver Island,2009/2010,MED,17 - LABORATORY MEDICINE,2,456939,3106497.26
43 - North Vancouver Island,4 - Vancouver Island,2009/2010,MED,18 - ANAESTHESIA,11,84443,1740710.65
43 - North Vancouver Island,4 - Vancouver Island,2009/2010,MED,33 - NUCLEAR MEDICINE,1,3111,548118.74
43 - North Vancouver Island,4 - Vancouver Island,2009/2010,MED,49 - RESPIROLOGY,3,8433,468016.36
43 - North Vancouver Island,4 - Vancouver Island,2009/2010,MED,56 - GASTROENTEROLOGY,1,2542,276132.18
43 - North Vancouver Island,4 - Vancouver Island,2009/2010,SUP,30 - CHIROPRACTORS,30,16450,378350
43 - North Vancouver Island,4 - Vancouver Island,2009/2010,SUP,31 - NATUROPATHS,7,184,4232
43 - North Vancouver Island,4 - Vancouver Island,2009/2010,SUP,32 - PHYSICAL THERAPY,38,6170,141910
43 - North Vancouver Island,4 - Vancouver Island,2009/2010,SUP,37 - ORAL SURGEONS,1,2823,308894.38
43 - North Vancouver Island,4 - Vancouver Island,2009/2010,SUP,38 - PODIATRISTS,1,2535,65620.93
43 - North Vancouver Island,4 - Vancouver Island,2009/2010,SUP,39 - OPTOMETRIST,14,21541,902875.02
43 - North Vancouver Island,4 - Vancouver Island,2009/2010,SUP,40 - DENTAL SURGEONS,5,2219,222240.22
43 - North Vancouver Island,4 - Vancouver Island,2009/2010,SUP,42 - ORTHODONTISTS,1,78,51380.05
43 - North Vancouver Island,4 - Vancouver Island,2009/2010,SUP,43 - MASSAGE PRACTITIONER,60,4506,103638
43 - North Vancouver Island,4 - Vancouver Island,2009/2010,SUP,68 - ACUPUNCTURE,17,884,20332
43 - North Vancouver Island,4 - Vancouver Island,2009/2010,SUP,80 - Midwives,9,1677,1025321.34
51 - Northwest,5 - Northern,2009/2010,MED,00 - GENERAL PRACTICE,79,393288,18667896.81
51 - Northwest,5 - Northern,2009/2010,MED,05 - OBSTETRICS & GYNAECOLOGY,3,10874,1208768.66
51 - Northwest,5 - Northern,2009/2010,MED,06 - OPHTHALMOLOGY,1,14276,1272442.23
51 - Northwest,5 - Northern,2009/2010,MED,08 - GENERAL SURGERY,5,24230,2679606.34
51 - Northwest,5 - Northern,2009/2010,MED,10 - ORTHOPAEDIC SURGERY,2,4186,764290.41
51 - Northwest,5 - Northern,2009/2010,MED,13 - UROLOGY,1,2630,272499.61
51 - Northwest,5 - Northern,2009/2010,MED,14 - PAEDIATRICS,3,3094,336450.16
51 - Northwest,5 - Northern,2009/2010,MED,15 - INTERNAL MEDICINE,2,14340,538090.74
51 - Northwest,5 - Northern,2009/2010,MED,16 - RADIOLOGY,2,12441,964341.5
51 - Northwest,5 - Northern,2009/2010,MED,17 - LABORATORY MEDICINE,2,466060,2806440.67
51 - Northwest,5 - Northern,2009/2010,MED,18 - ANAESTHESIA,2,15928,522205.85
51 - Northwest,5 - Northern,2009/2010,MED,28 - EMERGENCY MEDICINE,1,553,29319.86
51 - Northwest,5 - Northern,2009/2010,SUP,30 - CHIROPRACTORS,9,4990,114770
51 - Northwest,5 - Northern,2009/2010,SUP,31 - NATUROPATHS,2,9,207
51 - Northwest,5 - Northern,2009/2010,SUP,32 - PHYSICAL THERAPY,12,2312,53176
51 - Northwest,5 - Northern,2009/2010,SUP,38 - PODIATRISTS,1,5310,139635.69
51 - Northwest,5 - Northern,2009/2010,SUP,39 - OPTOMETRIST,7,16347,658784.21
51 - Northwest,5 - Northern,2009/2010,SUP,40 - DENTAL SURGEONS,6,231,17667.68
51 - Northwest,5 - Northern,2009/2010,SUP,42 - ORTHODONTISTS,1,9,5255.76
51 - Northwest,5 - Northern,2009/2010,SUP,43 - MASSAGE PRACTITIONER,15,394,9062
51 - Northwest,5 - Northern,2009/2010,SUP,68 - ACUPUNCTURE,1,32,736
51 - Northwest,5 - Northern,2009/2010,SUP,80 - Midwives,1,53,28342.85
52 - Northern Interior,5 - Northern,2009/2010,MED,00 - GENERAL PRACTICE,166,719927,30408796.46
52 - Northern Interior,5 - Northern,2009/2010,MED,01 - DERMATOLOGY,1,7073,318251.28
52 - Northern Interior,5 - Northern,2009/2010,MED,02 - NEUROLOGY,3,5305,634910.4
52 - Northern Interior,5 - Northern,2009/2010,MED,03 - PSYCHIATRY,9,10317,1354632.8
52 - Northern Interior,5 - Northern,2009/2010,MED,05 - OBSTETRICS & GYNAECOLOGY,6,13673,1633356.88
52 - Northern Interior,5 - Northern,2009/2010,MED,06 - OPHTHALMOLOGY,5,31234,2132611.33
52 - Northern Interior,5 - Northern,2009/2010,MED,07 - OTOLARYNGOLOGY,2,6895,597122.06
52 - Northern Interior,5 - Northern,2009/2010,MED,08 - GENERAL SURGERY,8,18646,2285264.4
52 - Northern Interior,5 - Northern,2009/2010,MED,10 - ORTHOPAEDIC SURGERY,6,10796,1924563.4
52 - Northern Interior,5 - Northern,2009/2010,MED,11 - PLASTIC SURGERY,3,4307,743287.39
52 - Northern Interior,5 - Northern,2009/2010,MED,13 - UROLOGY,3,9300,1123615.49
52 - Northern Interior,5 - Northern,2009/2010,MED,14 - PAEDIATRICS,6,10786,1580981.85
52 - Northern Interior,5 - Northern,2009/2010,MED,15 - INTERNAL MEDICINE,7,35901,2217652.68
52 - Northern Interior,5 - Northern,2009/2010,MED,16 - RADIOLOGY,8,105874,6923121.89
52 - Northern Interior,5 - Northern,2009/2010,MED,17 - LABORATORY MEDICINE,2,1013095,7329924.09
52 - Northern Interior,5 - Northern,2009/2010,MED,18 - ANAESTHESIA,14,65901,3145864.67
52 - Northern Interior,5 - Northern,2009/2010,MED,47 - VASCULAR SURGERY,3,6733,1047167.07
52 - Northern Interior,5 - Northern,2009/2010,MED,49 - RESPIROLOGY,1,11463,511303.2
52 - Northern Interior,5 - Northern,2009/2010,MED,56 - GASTROENTEROLOGY,2,5743,593555.67
52 - Northern Interior,5 - Northern,2009/2010,MED,59 - NEPHROLOGY,2,23541,1498763.12
52 - Northern Interior,5 - Northern,2009/2010,MED,67 - INFECTIOUS DISEASES,2,10905,957458.84
52 - Northern Interior,5 - Northern,2009/2010,MED,74 - HEMATOLOGY ONCOLOGY,1,2642,265454.95
52 - Northern Interior,5 - Northern,2009/2010,SUP,30 - CHIROPRACTORS,17,11130,255990
52 - Northern Interior,5 - Northern,2009/2010,SUP,31 - NATUROPATHS,6,447,10281
52 - Northern Interior,5 - Northern,2009/2010,SUP,32 - PHYSICAL THERAPY,22,3680,84640
52 - Northern Interior,5 - Northern,2009/2010,SUP,37 - ORAL SURGEONS,1,1067,170535.59
52 - Northern Interior,5 - Northern,2009/2010,SUP,38 - PODIATRISTS,1,940,28227.94
52 - Northern Interior,5 - Northern,2009/2010,SUP,39 - OPTOMETRIST,11,25387,1039136.13
52 - Northern Interior,5 - Northern,2009/2010,SUP,40 - DENTAL SURGEONS,4,58,3863.75
52 - Northern Interior,5 - Northern,2009/2010,SUP,42 - ORTHODONTISTS,3,108,77719.36
52 - Northern Interior,5 - Northern,2009/2010,SUP,43 - MASSAGE PRACTITIONER,22,590,13570
52 - Northern Interior,5 - Northern,2009/2010,SUP,68 - ACUPUNCTURE,5,276,6348
52 - Northern Interior,5 - Northern,2009/2010,SUP,80 - Midwives,5,916,557481.61
53 - Northeast,5 - Northern,2009/2010,MED,00 - GENERAL PRACTICE,60,391887,18049582.26
53 - Northeast,5 - Northern,2009/2010,MED,03 - PSYCHIATRY,5,10192,1215221.47
53 - Northeast,5 - Northern,2009/2010,MED,05 - OBSTETRICS & GYNAECOLOGY,2,7118,840604.75
53 - Northeast,5 - Northern,2009/2010,MED,08 - GENERAL SURGERY,3,10108,1449708.45
53 - Northeast,5 - Northern,2009/2010,MED,10 - ORTHOPAEDIC SURGERY,2,4419,753378.44
53 - Northeast,5 - Northern,2009/2010,MED,15 - INTERNAL MEDICINE,1,6088,364314.63
53 - Northeast,5 - Northern,2009/2010,MED,16 - RADIOLOGY,10,35521,2419919.02
53 - Northeast,5 - Northern,2009/2010,MED,17 - LABORATORY MEDICINE,1,404972,2596570.97
53 - Northeast,5 - Northern,2009/2010,SUP,30 - CHIROPRACTORS,11,4863,111849
53 - Northeast,5 - Northern,2009/2010,SUP,31 - NATUROPATHS,1,7,161
53 - Northeast,5 - Northern,2009/2010,SUP,32 - PHYSICAL THERAPY,8,1689,38847
53 - Northeast,5 - Northern,2009/2010,SUP,39 - OPTOMETRIST,7,9616,411227.58
53 - Northeast,5 - Northern,2009/2010,SUP,40 - DENTAL SURGEONS,2,49,2666.78
53 - Northeast,5 - Northern,2009/2010,SUP,42 - ORTHODONTISTS,1,20,13231.39
53 - Northeast,5 - Northern,2009/2010,SUP,43 - MASSAGE PRACTITIONER,11,198,4554
53 - Northeast,5 - Northern,2009/2010,SUP,68 - ACUPUNCTURE,1,70,1610
Unknown,Unknown,2009/2010,MED,00 - GENERAL PRACTICE,24,16224,662441.13
Unknown,Unknown,2009/2010,MED,03 - PSYCHIATRY,1,894,102580.34
Unknown,Unknown,2009/2010,MED,08 - GENERAL SURGERY,2,147,19767.51
Unknown,Unknown,2009/2010,MED,10 - ORTHOPAEDIC SURGERY,2,238,25151.05
Unknown,Unknown,2009/2010,MED,13 - UROLOGY,1,256,28544.66
Unknown,Unknown,2009/2010,MED,14 - PAEDIATRICS,1,20,3202.84
Unknown,Unknown,2009/2010,MED,15 - INTERNAL MEDICINE,2,520,86813.73
Unknown,Unknown,2009/2010,MED,16 - RADIOLOGY,1,118,11396.53
Unknown,Unknown,2009/2010,MED,18 - ANAESTHESIA,8,5870,356077.02
Unknown,Unknown,2009/2010,MED,20 - PHYSICAL MEDICINE AND REHABILITATION,1,87,3775.86
Unknown,Unknown,2009/2010,MED,45 - CLINICAL IMMUNOLOGY AND ALLERGY,1,258,16077.7
Unknown,Unknown,2009/2010,SUP,30 - CHIROPRACTORS,2,641,14743
Unknown,Unknown,2009/2010,SUP,32 - PHYSICAL THERAPY,2,170,3910
Unknown,Unknown,2009/2010,SUP,39 - OPTOMETRIST,1,1883,79297.76
Unknown,Unknown,2009/2010,SUP,43 - MASSAGE PRACTITIONER,1,8,184
Unknown,Unknown,2009/2010,SUP,68 - ACUPUNCTURE,1,18,414
